Cell,AreaShape_Area,AreaShape_Compactness,AreaShape_Eccentricity,AreaShape_Extent,AreaShape_FormFactor,AreaShape_MajorAxisLength,AreaShape_MaxFeretDiameter,AreaShape_MaximumRadius,AreaShape_MeanRadius,AreaShape_MedianRadius,AreaShape_MinFeretDiameter,AreaShape_MinorAxisLength,AreaShape_Perimeter
1,398,1.324964558,0.540701429,0.473246136,0.477736971,28.07473222,29.83286778,8.485281374,3.08357427,2.828427125,24.08273034,23.61687399,102.318
2,356,1.17518432,0.808534449,0.693957115,0.743063569,28.17251838,28.23118843,8.062257748,3.342867041,3,16.7600716,16.57808593,77.592
3,333,1.014355494,0.442028179,0.756818182,0.900255086,21.87737995,21.84032967,9.848857802,3.686651453,3.16227766,18.38477631,19.62403529,68.178
4,319,1.194070727,0.794148867,0.533444816,0.565722355,26.66000467,26.41968963,7.810249676,3.117143979,2.828427125,16.97056275,16.20190532,84.178
5,624,1.164830932,0.798046361,0.631578947,0.618908269,36.86861837,37.33630941,10.19803903,4.181096267,3.802775638,23.62082342,22.21688398,112.56
6,627,1.023057179,0.533123156,0.746428571,0.864095251,30.87989404,31.06444913,13,4.821026466,4.242640687,25.45584412,26.1255529,95.49
7,768,1.056110638,0.58266844,0.715750233,0.748376801,35.28397674,37.10795063,13.34166406,5.060518091,4.472135955,28,28.67563954,113.56
8,384,1.025531293,0.474274631,0.731428571,0.806529863,23.80979044,24.69817807,9.899494937,3.825519499,3.16227766,19.92234926,20.96159069,77.35
9,764,1.073423221,0.713500802,0.707407407,0.80591191,37.44097842,37.69615365,13.03840481,5.101143299,4.472135955,25.89628636,26.23318675,109.146
10,405,1.122628595,0.768166754,0.648,0.785563023,28.69505619,28.8444102,9.219544457,3.734032228,3.16227766,17.67766953,18.37200471,80.49
11,762,1.604790398,0.930504386,0.622040816,0.548348667,52.38196533,50,9.848857802,4.031830484,4,19.21938124,19.18650548,132.146
12,556,1.11149599,0.685708661,0.588359788,0.690930121,32.10040605,34.23448554,11.3137085,4.140555913,3.605551275,22.65483126,23.3651187,100.56
13,549,1.461399715,0.885434043,0.544642857,0.588004898,41.00145405,40,9.219544457,3.61714649,3.16227766,19.62805439,19.05604304,108.318
14,244,1.036711147,0.281065606,0.675900277,0.744435941,18.3628871,18.97366596,8,3.080519962,2.828427125,16.86676628,17.62265261,64.178
15,377,1.123924768,0.759008423,0.754,0.735083182,27.56894743,29.20616373,9.055385138,3.548088926,3,18.02498266,17.94961248,80.28
16,484,1.501411349,0.913574229,0.64021164,0.475679408,39.86319213,42.20189569,8,3.362066744,3,16.90648022,16.21124471,113.076
17,572,1.212470452,0.813609135,0.700980392,0.657065943,36.35174905,33.54101966,10,4.035055916,3.605551275,20.35075993,21.13535128,104.592
18,965,1.180687946,0.764381019,0.651147099,0.686532456,45.26738028,48.08326112,13.92838828,5.169387226,5,30.40559159,29.18681374,132.904
19,416,1.191770237,0.759786778,0.594285714,0.545383912,29.82448198,28.7923601,7.810249676,3.271732187,3,20.52390726,19.39105278,97.904
20,511,1.115415158,0.576793574,0.681333333,0.616287668,29.53442569,30.8058436,9.433981132,3.708360969,3.16227766,24,24.12637521,102.076
21,961,1.095909712,0.681351905,0.63182117,0.648537732,41.79123289,44.41846463,14.4222051,5.28520965,5,30.78586089,30.58934353,136.458
22,659,1.344176742,0.862995001,0.553781513,0.624593653,42.39931113,43.8634244,10.44030651,4.067871019,3.605551275,22.627417,21.42066018,115.146
23,550,1.212616168,0.765279325,0.679012346,0.614240268,34.6763003,36.87817783,10,3.850928949,3.605551275,23.42432985,22.32107699,106.076
24,981,1.60855491,0.917944259,0.545606229,0.496779142,58.89031386,60.08327554,11.18033989,4.467085438,4,23.53695467,23.36234032,157.528
25,602,1.279722696,0.843460073,0.578846154,0.648885358,39.03433979,39.45883931,9.848857802,3.937368448,3.605551275,20.55480479,20.96893001,107.974
26,842,1.06047946,0.475856049,0.649691358,0.724220042,35.81702525,38.07886553,13.41640786,5.088800874,4.472135955,31.5031101,31.50190387,120.872
27,394,1.547722465,0.921246462,0.626391097,0.574502547,36.74841569,36.12478374,6.708203932,3.038704427,2.828427125,14.42497834,14.29437585,92.834
28,486,1.009197586,0.411381453,0.778846154,0.877618485,26.15309426,25.70992026,11.66190379,4.411139127,4,23,23.83758492,83.42
29,575,1.354946546,0.889986612,0.756578947,0.643008648,40.54024656,40.52159918,9,3.920846669,3.605551275,18,18.48581144,106.006
30,897,1.228205517,0.656570729,0.607723577,0.555429089,42.28704018,42.63801121,12,4.481258088,4.123105626,31.64726046,31.89561158,142.458
31,494,1.398753467,0.895575806,0.65,0.523418598,38.34407299,39.56008089,8.246211251,3.537494637,3.16227766,16.85425031,17.05962136,108.904
32,668,1.216304408,0.82793462,0.583916084,0.634246939,39.68661233,43.18564576,10.77032961,4.274111272,4,22.80789337,22.25722964,115.044
33,654,1.437411728,0.897110774,0.567708333,0.518715645,44.75656964,47.16990566,9.848857802,3.849242248,3.605551275,20.11435199,19.7737067,125.872
34,186,1.151208809,0.733532321,0.543859649,0.604573784,19.37343322,19.72308292,5.656854249,2.424807669,2.236067977,12.6,13.16724242,62.178
35,465,1.103067366,0.735443157,0.714285714,0.729648679,29.95372605,30.06659276,10.04987562,3.947901736,3.605551275,20,20.29623815,89.49
36,666,1.53053766,0.903003737,0.534081796,0.556532635,46.80841792,48.54894438,9.848857802,3.753866307,3.605551275,22.0479559,20.11042667,122.63
37,818,1.249798973,0.792134713,0.582621083,0.534330845,43.55446627,47.42362281,11.40175425,4.41246751,4,29.57394085,26.58330699,138.7
38,609,1.439623082,0.903758582,0.47027027,0.517303889,43.44408256,46.22769733,9.899494937,3.763172971,3.16227766,20.1246118,18.59591594,121.63
39,574,1.264975047,0.85832279,0.5125,0.539486654,38.27564742,40.31128874,9.433981132,3.968959564,3.605551275,19.09188309,19.63962178,115.63
40,342,1.163311256,0.723081483,0.512743628,0.575876201,26.23222135,28.28427125,8.062257748,3.157011111,2.828427125,19.60612149,18.12024122,86.388
41,306,1.234266754,0.839607103,0.588461538,0.497638549,27.29654912,30.23243292,7.280109889,3.03155503,2.828427125,15.10023978,14.82732651,87.904
42,942,1.03362334,0.512954305,0.748807631,0.81771047,37.78980591,39.05124838,15.65247584,5.71065209,5,31.75216528,32.43937077,120.318
43,551,1.317289772,0.868106011,0.546626984,0.626290684,38.52649318,38.07886553,9.433981132,3.810921142,3.605551275,19.49771971,19.12373603,105.146
44,494,1.105294717,0.694281899,0.655172414,0.69528861,30.29695238,29.73213749,10.19803903,3.922275638,3.605551275,22.4696064,21.8048125,94.49
45,613,1.040433095,0.591423815,0.721176471,0.720659424,31.3971623,33.06055051,12.16552506,4.585902189,4,24,25.31744348,103.388
46,482,1.687777974,0.933323645,0.446296296,0.498617609,42.8445451,46.87216658,8.485281374,3.25837935,2.828427125,15.74171083,15.38274146,110.216
47,720,1.097777557,0.752327839,0.714285714,0.711947446,37.48059753,37.21558813,12,4.820707312,4.242640687,24.06273851,24.69180183,112.732
48,685,1.364506151,0.845227383,0.455149502,0.523881179,43.03385962,45.69463864,10.63014581,4.021303406,3.605551275,24.51178464,22.99758894,128.184
49,612,1.300502366,0.820511997,0.596491228,0.550311724,39.09936265,38.62641583,9.848857802,3.883069368,3.605551275,22.58831525,22.35034152,118.216
50,483,1.080520459,0.710505728,0.714497041,0.756168412,29.84722097,31.144823,10.19803903,4.037501746,3.605551275,21.15071964,21.00323322,89.592
51,861,1.141768369,0.585016391,0.567567568,0.593283717,38.86641375,43.46262762,13,4.782001094,4.123105626,30.92240485,31.52149594,135.044
52,912,2.010908463,0.962149905,0.38974359,0.501158092,65.88135854,64.81512169,9.219544457,3.973574084,3.605551275,17.57525324,17.95403734,151.222
53,669,1.114747494,0.767044455,0.677125506,0.789117969,36.69705128,37.65634077,11.70469991,4.685087878,4.242640687,23.58330795,23.54460629,103.216
54,594,1.218689353,0.808126268,0.617463617,0.678284999,37.01405934,37.10795063,10,4.040471907,3.605551275,24.00225215,21.80162454,104.904
55,415,1.12554921,0.75942998,0.681444992,0.672268551,28.94690644,29.73213749,9.219544457,3.698541977,3.16227766,19.16031438,18.83254023,88.076
56,515,1.16318472,0.732273495,0.605882353,0.658364944,32.31041238,33.24154028,10.29563014,3.922331243,3.605551275,22.80789337,22.00373548,99.146
57,1009,1.217808997,0.83777587,0.669098143,0.637370264,49.08636219,51.15662225,13.60147051,5.28790092,5,27.43285982,26.80185463,141.044
58,410,1.080657185,0.520704711,0.585714286,0.650829889,25.58413067,27.45906044,9.848857802,3.615285473,3.16227766,21.92031022,21.84211505,88.974
59,554,1.732100154,0.943885717,0.693366708,0.560781038,46.9351562,46.17358552,8,3.460441323,3,15.28910582,15.50137929,111.42
60,942,1.571214526,0.924730955,0.456395349,0.53608646,57.34767769,62.36986452,11.40175425,4.472020435,4.061552813,22.75916194,21.82775423,148.598
61,677,1.538295239,0.910431905,0.510558069,0.566371026,47.5822874,44.04543109,8.602325267,3.857715415,3.605551275,19.80101008,19.68284017,122.56
62,391,1.197498875,0.784056776,0.663837012,0.672288972,29.37583182,30.2654919,8.544003745,3.433219491,3,18,18.23325892,85.49
63,682,1.10338262,0.707694875,0.647058824,0.716233903,35.7707403,35.84689666,11.66190379,4.594368486,4.123105626,25.45584412,25.27267898,109.388
64,752,1.158400789,0.764956331,0.552941176,0.661436869,39.60768088,40.26164428,11.18033989,4.547958505,4.123105626,26.62560942,25.51060012,119.528
65,462,1.055133478,0.539687036,0.66,0.738544711,26.98801185,27.73084925,10.63014581,3.963593247,3.605551275,23.37254505,22.72028224,88.662
66,467,1.66491923,0.930865644,0.460552268,0.528377626,41.80415088,43.41658669,7.211102551,3.189104518,2.828427125,14.28355376,15.27363451,105.388
67,477,1.306158201,0.803982012,0.587438424,0.591557729,34.26206915,33.60059523,8.062257748,3.437768522,3,21.81147896,20.37406336,100.662
68,344,1.083091419,0.703478082,0.764444444,0.835363963,25.15229816,25.63201124,9,3.588402399,3,17,17.87616473,71.936
69,615,1.100447858,0.757408067,0.763975155,0.858056617,34.78335419,34.525353,11.18033989,4.606694837,4.123105626,22,22.71150657,94.904
70,714,1.33456177,0.885874805,0.705533597,0.686560542,44.68752961,45.39823785,10.19803903,4.355833179,4,20.30349724,20.73163442,114.318
71,1189,1.089034037,0.652775912,0.629100529,0.681376539,45.76318243,46.4865572,16.1245155,5.930452583,5.099019514,34.52445587,34.66794737,148.082
72,918,1.039371011,0.552393121,0.658536585,0.788675324,37.87064087,40.11234224,15.26433752,5.614536639,5,31.27266189,31.56835018,120.942
73,318,1.066248104,0.712277905,0.722727273,0.817025113,24.09913436,24.41311123,8.544003745,3.463119951,3,16.54690303,16.91512364,69.936
74,419,1.258551928,0.814119056,0.581944444,0.67503367,31.72237243,31.78049716,9.219544457,3.484647549,3,19.69389275,18.42111811,88.318
75,658,1.184385551,0.754843204,0.665991903,0.647856389,37.26712532,38.07886553,11,4.255614056,4,25,24.44370428,112.974
76,606,2.174091025,0.96395373,0.584378014,0.394687147,55.94713398,60.5309838,8,3.282064676,3,15.01868755,14.88584999,138.904
77,616,1.218880699,0.832393044,0.603921569,0.594113173,38.26306051,39.62322551,10,4.163865458,3.802775638,20.86135772,21.20484204,114.146
78,393,1.265588458,0.852030886,0.576246334,0.651336585,31.56450236,31.38470965,7.810249676,3.366754202,3,15.8,16.52374924,87.076
79,538,1.071907227,0.721143773,0.730978261,0.773502675,31.53030206,31.57530681,11,4.360880385,4,21.81971586,21.84373402,93.49
80,664,1.634605798,0.935923682,0.591800357,0.535716291,49.5773501,50.35871325,8.94427191,3.753611755,3.605551275,17.462565,17.46128504,124.802
81,604,1.248399565,0.846200326,0.656521739,0.656062502,38.68832133,39.3192065,10,4.058469097,3.605551275,21.08802689,20.61564874,107.56
82,540,1.075057818,0.512280268,0.649038462,0.719041203,29.19705494,31.78049716,11.18033989,4.188432059,3.605551275,24.74873734,25.07496602,97.146
83,563,1.028505479,0.497375502,0.648617512,0.777554381,29.03445543,30.2654919,12.04159458,4.490979936,4,24.04163056,25.1884169,95.388
84,617,1.754256843,0.940540995,0.534199134,0.433535184,49.70019969,54.58937626,8.94427191,3.618524973,3.16227766,17.70510063,16.88217364,133.732
85,497,1.093515189,0.736563014,0.720289855,0.787127054,30.84707747,30.3644529,9.899494937,4.090379987,3.605551275,20.4264872,20.86400472,89.076
86,782,1.612675551,0.906785246,0.536351166,0.493977747,52.20233095,53.15072906,10,3.907713163,3.605551275,25.13844932,22.00812861,141.044
87,638,1.571226288,0.928823772,0.68528464,0.570366699,47.37271548,48.01041554,9,3.810743335,3.605551275,17.77781155,17.55262353,118.56
88,683,1.030813454,0.398129429,0.734408602,0.834944206,31.22312087,31.78049716,13.03840481,4.840847409,4.242640687,28.2,28.64188213,101.388
89,783,1.881479562,0.95173375,0.436454849,0.49947029,58.52040694,56.22277119,8.602325267,3.790203733,3.605551275,18.74085143,17.96136759,140.356
90,788,1.131046319,0.784663076,0.68641115,0.713560422,40.50085416,42.3792402,12.72792206,4.914202332,4.242640687,25.92325953,25.10738918,117.802
91,618,1.074085584,0.691970578,0.757352941,0.751417042,33.35869312,33.73425559,11.18033989,4.524924999,4,23,24.08249795,101.662
92,679,1.351972766,0.882136799,0.557471264,0.59380539,43.74539654,44.77722635,10.77032961,4.133088004,3.605551275,22.12331748,20.60378769,119.872
93,1152,1.06393512,0.7033625,0.739409499,0.845218247,45.52910105,46.40043103,16.2788206,6.303322781,5.656854249,31.81980515,32.36351189,130.872
94,400,1.137931492,0.784655286,0.699300699,0.793470929,28.97494941,29.41088234,8.94427191,3.662672082,3.16227766,17.75040628,17.96250762,79.592
95,679,1.344166685,0.880778797,0.521505376,0.558886783,43.57666911,44.38468204,10.63014581,4.126272949,3.605551275,21.61538462,20.63477037,123.56
96,303,1.016988686,0.344610136,0.759398496,0.845481094,20.4701907,20.88061302,9.055385138,3.468096005,3,18,19.21630748,67.108
97,511,1.074909885,0.708140313,0.704827586,0.850258987,30.58328763,30.52867504,11.18033989,4.277329449,4,21.21320344,21.59399501,86.904
98,885,1.854306779,0.942643391,0.421428571,0.453503572,61.27935248,61.40032573,9.219544457,3.934848687,3.605551275,22.56675576,20.45513946,156.598
99,389,1.221473625,0.787033413,0.575443787,0.556395614,29.64164664,33.9705755,9,3.3002669,3,19.41450687,18.28623926,93.732
100,905,1.088862346,0.614221277,0.679429429,0.614468548,39.33040437,43.41658669,13.60147051,5.073573411,4.472135955,30.6397308,31.03695317,136.044
101,819,1.451131439,0.901182077,0.56875,0.606314933,50.46394641,50.56678752,10.19803903,4.392123795,4,21.9335419,21.87312969,130.286
102,491,1.111880241,0.721303795,0.697443182,0.654738095,30.68340526,32.01562119,10.19803903,3.917527176,3.605551275,20.3178196,21.25190405,97.076
103,308,1.006476281,0.103797494,0.77,0.830182464,19.96617862,20.61552813,9.433981132,3.539986099,3.08113883,18.33575742,19.85833035,68.28
104,724,1.397352275,0.89609707,0.522366522,0.552225022,46.39062196,47.70744177,9.848857802,4.121054963,3.605551275,20.18384415,20.5908548,128.356
105,333,1.178663875,0.772928946,0.587301587,0.656565893,26.7385471,28.63564213,8.062257748,3.224991332,3,17.48889758,16.96540995,79.834
106,452,1.018583017,0.469714002,0.695384615,0.808179672,25.70508811,25.8069758,10.77032961,4.068399475,3.605551275,21.92031022,22.692931,83.834
107,726,1.60939464,0.925133917,0.477631579,0.555844487,50.98261388,49.04079934,9.848857802,3.964906434,3.605551275,20.06578637,19.35508698,128.114
108,244,1.074534521,0.651741863,0.645502646,0.808259983,20.64203759,21.54065923,7.615773106,3.050968653,2.828427125,14.8,15.65576482,61.592
109,980,2.196583871,0.959612062,0.325041459,0.354730345,71.20629662,74.79304781,10.04987562,3.813812245,3.605551275,22.14945604,20.03222982,186.324
110,396,1.065857859,0.632732158,0.642857143,0.713897938,25.96175232,27.16615541,9.219544457,3.661029981,3.16227766,20.23857703,20.10402091,83.49
111,838,1.518050775,0.925085529,0.658805031,0.629022069,53.19001558,54.12023651,10.44030651,4.41916624,4,20.3729925,20.1993778,129.388
112,447,1.097176187,0.724567011,0.687692308,0.799239631,29.13420892,30.61045573,10.44030651,3.943869046,3.605551275,19.79898987,20.07942376,83.834
113,283,1.069988938,0.693179263,0.641723356,0.706745267,22.5781992,21.9544984,7.615773106,3.201007905,2.828427125,15.55634919,16.27358081,70.936
114,682,1.319419589,0.836374699,0.511627907,0.57311366,41.98426143,43.68065934,9.848857802,4.038863773,3.605551275,24.00349527,23.01401531,122.286
115,667,1.028145863,0.58449627,0.741111111,0.852678481,32.47306409,32.55764119,13,4.943331872,4.242640687,25.45584412,26.34852715,99.146
116,1058,1.178236452,0.605451283,0.511605416,0.547441419,44.078037,46.27094121,14.56021978,5.173773378,4.242640687,35.05512581,35.08093246,155.84
117,437,1.101140901,0.603605267,0.606944444,0.679412091,27.40663968,29.61418579,9.899494937,3.719927117,3.16227766,21.79686785,21.85085649,89.904
118,701,1.332387146,0.871773126,0.574119574,0.615527806,43.8003319,44.82186966,10.19803903,4.214305522,4,21.7575218,21.45821205,119.63
119,503,1.249185359,0.846332921,0.586247086,0.586271361,35.32982008,34.66987165,9.219544457,3.696357538,3.16227766,19.12661983,18.81858002,103.834
120,706,1.202311088,0.752772531,0.637759711,0.608653011,38.84637879,41.10960958,12.04159458,4.489621018,4,26,25.57182248,120.732
121,747,1.105964531,0.642861097,0.614309211,0.645838584,36.42711431,39.56008089,12.52996409,4.665061263,4.123105626,28.05583962,27.90254208,120.56
122,396,1.178190229,0.801516732,0.589285714,0.658909117,29.62097966,28.16025568,8.485281374,3.445846244,3.16227766,17.95998262,17.71252673,86.904
123,503,1.304482868,0.863863909,0.540860215,0.599733637,36.52911039,37.48332963,8.94427191,3.664345632,3.16227766,18.83095333,18.40063596,102.662
124,880,1.487288865,0.906211117,0.544217687,0.588205302,53.1548681,52.80151513,12.04159458,4.499408883,4.123105626,23.24234354,22.47523421,137.114
125,407,1.098338425,0.753522646,0.765037594,0.771510919,28.2319083,27.78488798,9.433981132,3.765921389,3.16227766,18,18.56027623,81.42
126,588,1.21015184,0.814217922,0.611226611,0.596288454,36.83357452,40.24922359,10.04987562,3.970195164,3.605551275,22.93966408,21.38407662,111.318
127,788,1.161645048,0.796024115,0.70990991,0.760934916,41.31210483,40.81666326,11.40175425,4.821130783,4.472135955,24.18034342,25.00476729,114.076
128,887,1.533995659,0.920771853,0.458397933,0.53183429,54.81579021,58.05170109,11.18033989,4.396234645,4,22.46535795,21.38372302,144.77
129,487,1.281706275,0.862013866,0.567599068,0.667766397,35.58588132,34.92849839,8.94427191,3.712428482,3.605551275,17.51901824,18.03793866,95.732
130,544,1.099966909,0.731169734,0.686868687,0.761755066,32.27493243,33.52610923,11,4.23370395,3.605551275,23,22.0178165,94.732
131,652,1.044489853,0.616003252,0.731762065,0.799253512,32.73569523,32.31098884,12.64911064,4.787216139,4.242640687,25.25456599,25.7873347,101.248
132,643,1.222498417,0.839054753,0.730681818,0.713896985,39.31553341,39.62322551,10.44030651,4.274227016,4,21,21.38949741,106.388
133,433,1.072590565,0.700303256,0.702922078,0.725675096,28.02791894,27.65863337,9.219544457,3.840764533,3.605551275,21,20.00760285,86.592
134,684,1.292096807,0.864372091,0.678571429,0.592057595,42.39122648,41.19465985,10,4.207080827,4,21.08590488,21.31654481,120.49
135,1008,1.699393488,0.941476448,0.763636364,0.574481413,62.54374178,59.03388857,10.19803903,4.541028022,4.123105626,20.09433168,21.08216766,148.49
136,569,1.323141897,0.885257359,0.68062201,0.713940885,39.71653369,39.39543121,9.433981132,3.984931554,3.605551275,18.19814314,18.4722195,100.076
137,752,1.155888469,0.739040442,0.565413534,0.67934554,39.03131453,39.92492956,11.66190379,4.522773821,4.123105626,25.2,26.29387675,117.942
138,595,1.303672553,0.875803351,0.725609756,0.678107581,40.03965993,40.60788101,9.848857802,4.084134674,3.605551275,19,19.32586637,105.006
139,1397,1.346469238,0.640797853,0.415279429,0.463404161,54.8659511,65.8634952,16.1245155,5.427731023,4.472135955,43.24292219,42.12112031,194.636
140,1110,1.964059823,0.947911905,0.3595724,0.418644414,70.93058696,74.88658091,11.66190379,4.369225269,4,23.33452378,22.59370466,182.534
141,362,1.220579009,0.81676497,0.583870968,0.576447817,29.09397176,30.59411708,8,3.236569955,3,18.37875645,16.7863641,88.834
142,227,1.044381857,0.415526907,0.66374269,0.739504179,18.23004218,18.97366596,7.615773106,2.975994511,2.828427125,16.36365579,16.58169793,62.108
143,936,1.144886463,0.552029911,0.507317073,0.58322432,40.12336017,44.10215414,13,4.861398276,4.242640687,33.8017363,33.45583304,142.012
144,404,1.254943346,0.860266265,0.605697151,0.711181759,32.04466814,31.76476035,8.485281374,3.463042169,3.16227766,16.54690303,16.33781473,84.49
145,525,1.190417757,0.834995984,0.669642857,0.798368108,34.97697224,34.71310992,9.433981132,4.062670205,3.605551275,18.94945823,19.24629012,90.904
146,365,1.188221494,0.811937389,0.584935897,0.715316078,28.7409889,29.73213749,8.485281374,3.420031264,3,16.26345597,16.77739506,80.076
147,785,1.092857006,0.71939412,0.670940171,0.71882735,38.40042525,39.92492956,13,4.92318173,4.242640687,26.67179438,26.67301663,117.146
148,692,1.582886249,0.920593027,0.487667371,0.52442884,49.18716293,52.20153254,10,3.874282078,3.605551275,19.6,19.20873513,128.77
149,953,1.097165832,0.749942398,0.714928732,0.80402564,43.0385737,43.41658669,14.31782106,5.560625121,5,30,28.47015152,122.044
150,615,1.475939588,0.895188063,0.636645963,0.564139707,43.91825161,45.39823785,9.219544457,3.772029483,3.605551275,19.20421777,19.57386423,117.044
151,957,1.226045434,0.830979962,0.645748988,0.661803608,47.76082799,52.34500931,13.89244399,5.16169593,4.472135955,27.72724292,26.56946075,134.802
152,493,1.069149413,0.659481583,0.684722222,0.79862264,29.3180221,30.08321791,10.63014581,4.101631699,3.605551275,22.25241136,22.0389647,88.076
153,659,1.09884974,0.704517416,0.625830959,0.687746975,35.03979017,38.83297568,12.08304597,4.480987983,4,25.61444905,24.86727301,109.732
154,988,1.447607179,0.869535123,0.443845463,0.449560756,54.08906382,52.63078947,12.08304597,4.43471274,4,26.56067795,26.71302584,166.184
155,714,1.561544969,0.92625559,0.477272727,0.592943233,49.85002631,50.7740091,9.433981132,4.024384176,3.605551275,18.38477631,18.78827461,123.012
156,333,1.347452803,0.8361889,0.540584416,0.583817421,29.67675419,29.68164416,7.211102551,3.000646289,2.828427125,16.15503779,16.27596477,84.662
157,870,1.179665778,0.768470764,0.604166667,0.625707466,43.06385366,45.22167622,12.36931688,4.760365509,4.242640687,28.6,27.55590966,132.184
158,917,1.210690349,0.733694537,0.569565217,0.609251974,43.97799331,46.57252409,13.92838828,4.883547028,4.123105626,32.69189779,29.8821428,137.528
159,882,1.443377014,0.837793476,0.434911243,0.454959572,49.96170209,55.54277631,11.70469991,4.408726081,4,29.5001381,27.278453,156.082
160,109,1.132849924,0.731343032,0.619318182,0.663025705,14.72217685,15.13274595,5,2.086591414,2,9.217458351,10.04066892,45.452
161,532,1.099962273,0.757195378,0.791666667,0.78680468,32.34808207,31.32091953,10.04987562,4.301760269,4,20,21.12939379,92.178
162,728,1.114911008,0.751571446,0.63030303,0.740975211,37.96470793,37.20215048,12.20655562,4.775799918,4.242640687,24.9878019,25.04348401,111.114
163,880,1.243330065,0.813996169,0.606060606,0.645652828,45.64097803,45.45327271,13.92838828,4.899843317,4.242640687,27.48961439,26.51148592,130.872
164,805,1.160826217,0.806752022,0.737179487,0.748574045,42.00431136,43.60045871,12.16552506,4.956122123,4.472135955,24.98116938,24.81993405,116.248
165,1064,1.030683063,0.553516543,0.76,0.783548057,40.60778889,42.54409477,16.2788206,6.049165075,5.385164807,34,33.81971707,130.63
166,372,1.22706752,0.829504688,0.664285714,0.705164772,29.80451049,30.01666204,8.544003745,3.41890236,3,16.91835598,16.64581171,81.42
167,1016,1.216237039,0.807742628,0.655483871,0.709831619,48.31417589,49.49747468,13.15294644,5.256839973,5,28.75754983,28.48291125,134.114
168,712,1.150506885,0.742344038,0.635714286,0.608933631,37.95763223,39.81205847,11.18033989,4.433410698,4,26.97215059,25.43233106,121.216
169,430,1.235736048,0.850522962,0.577956989,0.70480149,32.58865803,32.69556545,8.544003745,3.576064788,3.16227766,16.25485108,17.13961087,87.56
170,744,1.257294003,0.845859599,0.591414944,0.699264931,43.06873249,45.27692569,12.04159458,4.584483064,4.123105626,23.33452378,22.97310329,115.63
171,866,1.469062715,0.898087245,0.514557338,0.540139472,52.08569293,57.30619513,12,4.502758696,4,23.39761261,22.90819134,141.942
172,384,1.28303356,0.789692301,0.492307692,0.567451212,30.22736535,31.40063694,8.246211251,3.179577584,2.828427125,18.8,18.54458274,92.216
173,431,1.277081827,0.855640594,0.624637681,0.68524288,33.2796074,32.01562119,8.485281374,3.502368722,3,17.35443663,17.2245415,88.904
174,579,1.288225569,0.869789169,0.590816327,0.630923813,39.09939733,37.58989226,9.219544457,3.939454753,3.605551275,20.24655716,19.29256349,107.388
175,732,1.169969379,0.822753501,0.757763975,0.74231828,40.61057174,41.10960958,11.70469991,4.780251639,4.242640687,22,23.0829817,111.318
176,185,1.585669414,0.915780334,0.646853147,0.552519178,25.41308277,25.49509757,5,2.251268734,2,10,10.20791308,64.866
177,433,1.039346685,0.627158167,0.751736111,0.85893228,26.74574471,26.62705391,10.44030651,4.035907214,3.605551275,20.57182539,20.83204463,79.592
178,494,1.132910313,0.660710232,0.68137931,0.579615564,30.22259497,33.01514804,9.848857802,3.742731322,3.16227766,23.97283531,22.6863205,103.49
179,618,1.197472777,0.813859927,0.695945946,0.736849677,37.55278156,36.67424164,10.63014581,4.270512302,4,21.768891,21.82046114,102.662
180,1118,1.264901162,0.842335846,0.562091503,0.68066211,52.80691525,53.71219601,13.45362405,5.374454998,5,29.71785355,28.46044472,143.668
181,649,1.238875585,0.843197417,0.529795918,0.615457787,39.86811281,40.80441153,10.29563014,4.199504647,3.605551275,21.12608519,21.43325893,115.114
182,607,1.129723291,0.766492759,0.616869919,0.630693728,35.18327696,40.04996879,12,4.382964968,4,23,22.5965634,109.974
183,829,1.147925344,0.736744462,0.607771261,0.677037727,40.78696445,44.92215489,13.45362405,4.891503702,4.242640687,27.10974261,27.57897388,124.044
184,738,1.034451782,0.454102593,0.698863636,0.726623123,32.93842253,36.12478374,13.60147051,4.992513996,4.242640687,28.99137803,29.34646781,112.974
185,361,1.464551616,0.901518816,0.546969697,0.598301545,33.70501987,35.77708764,7.615773106,3.067543497,2.828427125,14.53095484,14.58550708,87.076
186,718,1.776951662,0.949335225,0.641071429,0.521853809,54.35502012,56.75385449,8.544003745,3.820592207,3.605551275,16.73495813,17.08189255,131.49
187,324,1.200599036,0.736098921,0.588021779,0.620469587,26.1079697,28.28427125,7.810249676,3.051295324,2.828427125,18,17.67180523,81.006
188,616,1.431652735,0.899264335,0.543209877,0.555523891,43.4235126,44.38468204,9.899494937,3.856205751,3.605551275,19.84446402,18.99368745,118.044
189,741,1.238890318,0.814998446,0.59375,0.553538866,41.84165163,48.27007354,12.04159458,4.43803125,4,24.86491808,24.24569493,129.7
190,685,1.44648648,0.894895606,0.537254902,0.553563605,45.87039596,50.6359556,10,4.007806901,3.605551275,21.50348809,20.47083555,124.7
191,765,1.192148529,0.823216141,0.612980769,0.716002095,41.91599715,41.23105626,11.40175425,4.69048959,4.123105626,23.25510697,23.79688902,115.872
192,677,1.293960566,0.87051788,0.732683983,0.625836702,42.38507466,43.56604182,10.44030651,4.303141553,4,20,20.85925462,116.592
193,689,1.024607497,0.501921611,0.742456897,0.825906657,32.08966232,32.44996148,13.03840481,4.960576109,4.242640687,27.51181564,27.75476979,102.388
194,699,1.039252405,0.544562291,0.713265306,0.776071528,32.97386147,34.0147027,13,4.905446145,4.242640687,27,27.65585032,106.388
195,708,1.379654876,0.87367639,0.533936652,0.591629288,44.8498973,47.63402146,11.04536102,4.128675312,3.605551275,22.97297021,21.81981227,122.63
196,624,1.088816274,0.537507393,0.694104561,0.71819933,31.82113094,35,11.40175425,4.385004807,4,27.13594573,26.83345621,104.49
197,767,1.254520989,0.834587908,0.595959596,0.631319827,43.36144021,47.63402146,12.08304597,4.59346698,4.123105626,25.49117494,23.88672388,123.56
198,396,1.352415264,0.852562332,0.563300142,0.515534357,32.76094717,36.49657518,8,3.135921344,2.828427125,17.32312229,17.12170815,98.248
199,350,1.20821748,0.758494266,0.603448276,0.622205471,27.53406917,28.16025568,8,3.212832236,2.828427125,18.26895501,17.94339431,84.076
